Date,Close
2015-01-02,4.178454
2015-01-05,4.179528
2015-01-06,4.183508
2015-01-07,4.179818
2015-01-08,4.190273
2015-01-09,4.230496
2015-01-12,4.251551
2015-01-13,4.277094
2015-01-14,4.272202
2015-01-15,4.267553
2015-01-16,4.27659
2015-01-19,4.264559
2015-01-20,4.269256
2015-01-21,4.27518
2015-01-22,4.259238
2015-01-23,4.273969
2015-01-26,4.324551
2015-01-27,4.324811
2015-01-28,4.33365
2015-01-29,4.346096
2015-01-30,4.346596
2015-02-02,4.337434
2015-02-03,4.312744
2015-02-04,4.311807
2015-02-05,4.325934
2015-02-06,4.335589
2015-02-09,4.325496
2015-02-10,4.301231
2015-02-11,4.279617
2015-02-12,4.302547
2015-02-13,4.359742
2015-02-16,4.372237
2015-02-17,4.425979
2015-02-18,4.369049
2015-02-19,4.381621
2015-02-20,4.392974
2015-02-23,4.39635
2015-02-24,4.401824
2015-02-25,4.403723
2015-02-26,4.408251
2015-02-27,4.408193
2015-03-02,4.38998
2015-03-03,4.400539
2015-03-04,4.376006
2015-03-05,4.309542
2015-03-06,4.278705
2015-03-09,4.264621
2015-03-10,4.274299
2015-03-11,4.180518
2015-03-12,4.185738
2015-03-13,4.192281
2015-03-16,4.138315
2015-03-17,4.178915
2015-03-18,4.23903
2015-03-19,4.238757
2015-03-20,4.305557
2015-03-23,4.318574
2015-03-24,4.373234
2015-03-25,4.310038
2015-03-26,4.339269
2015-03-27,4.287555
2015-03-30,4.270025
2015-03-31,4.323213
2015-04-01,4.27535
2015-04-02,4.291533
2015-04-03,4.295333
2015-04-06,4.358891
2015-04-07,4.383405
2015-04-08,4.355262
2015-04-09,4.379151
2015-04-10,4.414535
2015-04-13,4.378268
2015-04-14,4.344587
2015-04-15,4.347214
2015-04-16,4.295081
2015-04-17,4.317548
2015-04-20,4.323411
2015-04-21,4.314163
2015-04-22,4.373426
2015-04-24,4.353165
2015-04-27,4.400308
2015-04-28,4.447418
2015-04-29,4.438103
2015-04-30,4.438369
2015-05-04,4.399924
2015-05-05,4.384556
2015-05-06,4.382749
2015-05-07,4.365039
2015-05-08,4.361944
2015-05-11,4.378898
2015-05-12,4.393038
2015-05-13,4.380994
2015-05-14,4.427377
2015-05-15,4.452045
2015-05-18,4.458565
2015-05-20,4.4759
2015-05-21,4.461848
2015-05-22,4.448254
2015-05-25,4.425611
2015-05-26,4.390809
2015-05-27,4.402895
2015-05-28,4.397696
2015-05-29,4.388581
2015-06-01,4.378892
2015-06-02,4.315571
2015-06-03,4.320114
2015-06-04,4.359741
2015-06-05,4.340857
2015-06-08,4.333555
2015-06-09,4.150224
2015-06-10,4.179611
2015-06-11,4.248435
2015-06-12,4.276794
2015-06-15,4.266292
2015-06-16,4.224914
2015-06-17,4.249128
2015-06-18,4.265924
2015-06-19,4.291313
2015-06-22,4.305797
2015-06-23,4.32143
2015-06-24,4.316989
2015-06-25,4.340972
2015-06-26,4.320219
2015-06-29,4.326332
2015-06-30,4.280262
2015-07-01,4.280433
2015-07-02,4.270182
2015-07-03,4.277583
2015-07-06,4.257022
2015-07-07,4.301477
2015-07-08,4.285852
2015-07-09,4.240416
2015-07-10,4.292473
2015-07-13,4.318055
2015-07-14,4.335123
2015-07-15,4.332312
2015-07-16,4.333652
2015-07-20,4.328486
2015-07-21,4.2754
2015-07-22,4.281263
2015-07-23,4.268003
2015-07-24,4.197806
2015-07-27,4.207658
2015-07-28,4.174134
2015-07-29,4.215468
2015-07-30,4.229189
2015-07-31,4.234617
2015-08-03,4.291166
2015-08-04,4.239092
2015-08-05,4.249934
2015-08-06,4.253829
2015-08-07,4.261033
2015-08-10,4.248958
2015-08-11,4.196306
2015-08-12,4.249279
2015-08-13,4.197655
2015-08-14,4.161288
2015-08-17,4.179416
2015-08-18,4.171476
2015-08-19,4.128478
2015-08-20,4.133989
2015-08-21,4.124749
2015-08-24,4.095922
2015-08-25,4.031752
2015-08-26,4.072437
2015-08-27,4.071012
2015-08-28,4.096588
2015-08-31,4.113747
2015-09-01,4.142113
2015-09-02,4.109616
2015-09-03,4.11779
2015-09-04,4.119066
2015-09-07,4.1092
2015-09-08,4.089456
2015-09-09,4.104475
2015-09-10,4.114267
2015-09-11,4.099348
2015-09-14,4.098687
2015-09-15,4.073409
2015-09-16,4.128657
2015-09-17,4.145767
2015-09-18,4.137975
2015-09-21,4.139062
2015-09-22,4.167992
2015-09-23,4.155701
2015-09-28,4.148288
2015-09-29,4.106805
2015-09-30,4.133037
2015-10-01,4.132371
2015-10-02,4.147685
2015-10-05,4.146488
2015-10-06,4.206612
2015-10-07,4.227049
2015-10-08,4.278453
2015-10-09,4.287027
2015-10-12,4.30988
2015-10-13,4.285889
2015-10-14,4.272309
2015-10-15,4.324217
2015-10-16,4.324172
2015-10-19,4.330688
2015-10-20,4.347548
2015-10-21,4.343644
2015-10-22,4.328051
2015-10-23,4.343157
2015-10-26,4.352758
2015-10-27,4.323172
2015-10-28,4.273846
2015-10-30,4.268518
2015-11-02,4.310299
2015-11-03,4.476507
2015-11-04,4.457972
2015-11-05,4.506362
2015-11-06,4.477025
2015-11-09,4.462029
2015-11-10,4.467879
2015-11-11,4.446569
2015-11-12,4.463421
2015-11-13,4.480882
2015-11-16,4.469981
2015-11-17,4.46635
2015-11-18,4.478297
2015-11-19,4.46503
2015-11-20,4.460305
2015-11-23,4.466512
2015-11-24,4.433902
2015-11-25,4.315665
2015-11-26,4.330344
2015-11-27,4.277885
2015-11-30,4.295524
2015-12-01,4.299991
2015-12-02,4.34646
2015-12-03,4.342743
2015-12-04,4.316148
2015-12-07,4.289196
2015-12-08,4.28285
2015-12-09,4.230684
2015-12-10,4.27506
2015-12-11,4.208412
2015-12-14,4.154152
2015-12-15,4.14419
2015-12-16,4.210656
2015-12-17,4.228938
2015-12-18,4.270004
2015-12-21,4.255676
2015-12-22,4.277693
2015-12-23,4.281376
2015-12-24,4.327161
2015-12-25,4.325304
2015-12-28,4.325842
2015-12-29,4.324001
2015-12-30,4.312548
2015-12-31,4.312676
2016-01-04,4.313386
2016-01-05,4.313921
2016-01-06,4.314666
2016-01-07,4.315425
2016-01-08,4.316195
2016-01-11,4.318533
2016-01-12,4.319205
2016-01-13,4.319998
2016-01-14,4.320771
2016-01-15,4.321561
2016-01-18,4.324668
2016-01-19,4.325441
2016-01-20,4.326172
2016-01-21,4.326958
2016-01-22,4.327748
2016-01-25,4.330065
2016-01-26,4.330953
2016-01-27,4.331719
2016-01-28,4.3325
2016-01-29,4.333285
2016-02-01,4.344943
2016-02-02,4.342698
2016-02-03,4.33855
2016-02-04,4.332294
2016-02-05,4.342266
2016-02-08,4.32982
2016-02-09,4.339227
2016-02-10,4.327637
2016-02-11,4.334967
2016-02-12,4.325854
2016-02-15,4.334613
2016-02-16,4.324305
2016-02-17,4.318591
2016-02-18,4.318524
2016-02-19,4.318491
2016-02-22,4.325271
2016-02-23,4.330206
2016-02-24,4.331418
2016-02-25,4.325413
2016-02-26,4.337772
2016-02-29,4.338042
2016-03-01,4.346807
2016-03-02,4.365807
2016-03-03,4.358218
2016-03-04,4.358574
2016-03-07,4.363739
2016-03-08,4.373237
2016-03-09,4.372146
2016-03-10,4.367604
2016-03-11,4.367411
2016-03-14,4.37008
2016-03-15,4.373075
2016-03-16,4.38561
2016-03-17,4.384942
2016-03-18,4.373255
2016-03-21,4.370376
2016-03-22,4.370452
2016-03-23,4.376138
2016-03-24,4.380863
2016-03-25,4.378526
2016-03-28,4.381704
2016-03-29,4.382418
2016-03-30,4.382403
2016-03-31,4.379244
2016-04-01,4.379918
2016-04-04,4.385093
2016-04-05,4.380831
2016-04-06,4.38478
2016-04-07,4.389023
2016-04-08,4.39148
2016-04-11,4.389678
2016-04-12,4.386183
2016-04-13,4.388545
2016-04-14,4.38394
2016-04-15,4.384737
2016-04-18,4.387046
2016-04-19,4.38789
2016-04-20,4.387238
2016-04-21,4.388007
2016-04-22,4.388744
2016-04-25,4.390917
2016-04-26,4.391714
2016-04-27,4.392443
2016-04-28,4.393173
2016-04-29,4.393898
2016-05-02,4.396085
2016-05-03,4.39689
2016-05-04,4.397632
2016-05-05,4.398371
2016-05-06,4.399105
2016-05-09,4.401334
2016-05-10,4.402142
2016-05-11,4.402891
2016-05-12,4.403638
2016-05-13,4.404409
2016-05-16,4.406593
2016-05-17,4.407403
2016-05-18,4.408141
2016-05-20,4.40956
2016-05-23,4.411716
2016-05-24,4.412513
2016-05-25,4.413235
2016-05-26,4.413927
2016-05-27,4.414623
2016-05-30,4.41672
2016-05-31,4.417283
2016-06-01,4.418003
2016-06-02,4.418721
2016-06-03,4.41944
2016-06-06,4.421544
2016-06-07,4.422311
2016-06-08,4.423011
2016-06-09,4.426884
2016-06-10,4.424834
2016-06-13,4.423528
2016-06-14,4.426963
2016-06-15,4.424872
2016-06-16,4.426877
2016-06-17,4.42295
2016-06-20,4.428439
2016-06-21,4.43415
2016-06-22,4.434783
2016-06-23,4.435419
2016-06-24,4.436046
2016-06-27,4.4379
2016-06-28,4.438604
2016-06-29,4.43925
2016-06-30,4.439954
2016-07-01,4.442408
2016-07-04,4.446764
2016-07-08,4.450101
2016-07-11,4.45081
2016-07-12,4.451981
2016-07-13,4.458872
2016-07-14,4.461196
2016-07-15,4.463559
2016-07-18,4.465339
2016-07-19,4.447842
2016-07-20,4.435815
2016-07-21,4.425354
2016-07-22,4.397284
2016-07-25,4.40112
2016-07-26,4.417382
2016-07-27,4.417563
2016-07-28,4.42336
2016-07-29,4.422213
2016-08-01,4.425465
2016-08-02,4.434859
2016-08-03,4.428021
2016-08-04,4.422129
2016-08-05,4.431674
2016-08-08,4.427638
2016-08-09,4.442997
2016-08-10,4.467432
2016-08-11,4.459553
2016-08-12,4.471682
2016-08-15,4.467749
2016-08-16,4.467019
2016-08-17,4.461631
2016-08-18,4.462415
2016-08-19,4.462293
2016-08-22,4.45071
2016-08-23,4.451906
2016-08-24,4.452883
2016-08-25,4.452396
2016-08-26,4.456627
2016-08-29,4.462356
2016-08-31,4.457164
2016-09-01,4.462098
2016-09-02,4.460059
2016-09-05,4.471169
2016-09-06,4.47605
2016-09-07,4.478239
2016-09-08,4.480178
2016-09-09,4.486055
2016-09-16,4.496322
2016-09-19,4.503551
2016-09-20,4.528171
2016-09-21,4.512767
2016-09-22,4.513646
2016-09-23,4.531265
2016-09-26,4.529517
2016-09-27,4.508631
2016-09-28,4.514119
2016-09-29,4.528873
2016-09-30,4.51893
2016-10-03,4.506001
2016-10-04,4.509162
2016-10-05,4.510136
2016-10-06,4.509884
2016-10-07,4.510935
2016-10-10,4.511361
2016-10-11,4.519267
2016-10-12,4.515321
2016-10-13,4.515878
2016-10-14,4.524848
2016-10-17,4.516932
2016-10-18,4.518488
2016-10-19,4.51339
2016-10-20,4.506865
2016-10-21,4.511531
2016-10-24,4.514973
2016-10-25,4.507769
2016-10-26,4.504922
2016-10-27,4.506154
2016-10-28,4.507383
2016-10-31,4.508959
2016-11-01,4.509556
2016-11-02,4.514534
2016-11-03,4.514456
2016-11-04,4.517042
2016-11-07,4.523863
2016-11-08,4.518545
2016-11-09,4.506527
2016-11-10,4.533888
2016-11-11,4.531566
2016-11-14,4.51838
2016-11-15,4.507932
2016-11-16,4.514302
2016-11-17,4.50442
2016-11-18,4.509092
2016-11-21,4.513678
2016-11-22,4.508654
2016-11-23,4.514085
2016-11-24,4.507656
2016-11-25,4.504363
2016-11-28,4.504762
2016-11-29,4.503898
2016-11-30,4.507279
2016-12-01,4.509278
2016-12-02,4.541829
2016-12-05,4.539935
2016-12-06,4.537676
2016-12-07,4.538323
2016-12-08,4.541677
2016-12-09,4.539531
2016-12-12,4.546388
2016-12-13,4.550633
2016-12-14,4.548175
2016-12-15,4.542273
2016-12-16,4.539282
2016-12-19,4.532112
2016-12-20,4.546153
2016-12-21,4.546844
2016-12-22,4.551543
2016-12-23,4.538832
2016-12-26,4.53297
2016-12-27,4.536453
2016-12-28,4.538178
2016-12-29,4.543783
2016-12-30,4.558853
2017-01-02,4.561045
2017-01-03,4.558521
2017-01-04,4.554548
2017-01-05,4.555397
2017-01-06,4.552472
2017-01-09,4.554659
2017-01-10,4.556185
2017-01-11,4.558331
2017-01-12,4.564971
2017-01-13,4.555504
2017-01-16,4.560455
2017-01-17,4.568148
2017-01-18,4.560912
2017-01-19,4.565913
2017-01-20,4.557941
2017-01-23,4.555454
2017-01-24,4.55109
2017-01-25,4.553801
2017-01-26,4.555893
2017-01-27,4.553181
2017-01-30,4.556122
2017-01-31,4.560035
2017-02-01,4.563782
2017-02-02,4.570948
2017-02-03,4.573247
2017-02-06,4.586875
2017-02-07,4.576455
2017-02-08,4.620714
2017-02-09,4.604113
2017-02-10,4.656994
2017-02-13,4.628065
2017-02-14,4.642021
2017-02-15,4.633108
2017-02-16,4.639135
2017-02-17,4.645671
2017-02-20,4.659655
2017-02-21,4.652934
2017-02-22,4.650768
2017-02-23,4.647119
2017-02-24,4.651294
2017-02-27,4.643412
2017-02-28,4.626377
2017-03-01,4.601968
2017-03-02,4.635199
2017-03-03,4.646163
2017-03-06,4.642545
2017-03-07,4.666629
2017-03-08,4.658685
2017-03-09,4.629575
2017-03-10,4.629266
2017-03-13,4.624664
2017-03-14,4.638625
2017-03-15,4.645903
2017-03-16,4.631511
2017-03-17,4.646903
2017-03-20,4.650661
2017-03-21,4.651767
2017-03-22,4.66304
2017-03-23,4.664292
2017-03-24,4.656899
2017-03-27,4.653625
2017-03-28,4.659
2017-03-29,4.654188
2017-03-30,4.653173
2017-03-31,4.654209
2017-04-03,4.660301
2017-04-04,4.665331
2017-04-05,4.669803
2017-04-06,4.665015
2017-04-07,4.669047
2017-04-10,4.671689
2017-04-11,4.671724
2017-04-12,4.670525
2017-04-13,4.672042
2017-04-14,4.670823
2017-04-17,4.673482
2017-04-18,4.677164
2017-04-19,4.678987
2017-04-20,4.683192
2017-04-21,4.68722
2017-04-24,4.691512
2017-04-25,4.707243
2017-04-26,4.713574
2017-04-27,4.707728
2017-04-28,4.7063
2017-05-02,4.713936
2017-05-03,4.704315
2017-05-04,4.699999
2017-05-05,4.693559
2017-05-08,4.705941
2017-05-09,4.704246
2017-05-10,4.721739
2017-05-11,4.726841
2017-05-12,4.712854
2017-05-15,4.714538
2017-05-16,4.720932
2017-05-17,4.721416
2017-05-18,4.713675
2017-05-22,4.714315
2017-05-23,4.70521
2017-05-24,4.717318
2017-05-25,4.717536
2017-05-26,4.71917
2017-05-29,4.721083
2017-05-30,4.724345
2017-05-31,4.721452
2017-06-01,4.727571
2017-06-02,4.727133
2017-06-05,4.73197
2017-06-06,4.72957
2017-06-07,4.728484
2017-06-08,4.727412
2017-06-09,4.736641
2017-06-12,4.754818
2017-06-13,4.760226
2017-06-14,4.764569
2017-06-15,4.768436
2017-06-16,4.750035
2017-06-19,4.740155
2017-06-20,4.74699
2017-06-21,4.739494
2017-06-22,4.740415
2017-06-23,4.741913
2017-06-28,4.782996
2017-06-29,4.772111
2017-06-30,4.770272
2017-07-03,4.785435
2017-07-04,4.809058
2017-07-05,4.824254
2017-07-06,4.808084
2017-07-07,4.818573
2017-07-10,4.811109
2017-07-11,4.806775
2017-07-12,4.843886
2017-07-13,4.871647
2017-07-14,4.933001
2017-07-17,4.938758
2017-07-18,4.952027
2017-07-19,4.960011
2017-07-20,4.955989
2017-07-21,4.971095
2017-07-24,4.991471
2017-07-25,5.020855
2017-07-26,5.00663
2017-07-27,5.037497
2017-07-28,5.040863
2017-07-31,5.025003
2017-08-01,5.033938
2017-08-02,5.032347
2017-08-03,5.06512
2017-08-04,5.054763
2017-08-07,5.085776
2017-08-08,5.093933
2017-08-09,5.085659
2017-08-10,5.093496
2017-08-11,5.100646
2017-08-14,5.10216
2017-08-15,5.149648
2017-08-16,5.049737
2017-08-17,5.044126
2017-08-18,5.027999
2017-08-21,5.049526
2017-08-22,5.029334
2017-08-23,5.046798
2017-08-24,5.027714
2017-08-25,5.024779
2017-08-28,5.032747
2017-08-29,5.028974
2017-08-31,5.04043
2017-09-05,5.050819
2017-09-06,5.066889
2017-09-07,5.06864
2017-09-08,5.095118
2017-09-11,5.077288
2017-09-12,5.075843
2017-09-13,5.076274
2017-09-14,5.088009
2017-09-15,5.080293
2017-09-18,5.076719
2017-09-19,5.061898
2017-09-20,5.046851
2017-09-21,5.060273
2017-09-22,5.050287
2017-09-25,5.037969
2017-09-26,5.026145
2017-09-27,5.057336
2017-09-28,5.050345
2017-09-29,5.080147
2017-10-02,5.085229
2017-10-03,5.11235
2017-10-04,5.104246
2017-10-05,5.116842
2017-10-06,5.112608
2017-10-09,5.107978
2017-10-10,5.067451
2017-10-11,5.087752
2017-10-12,5.098827
2017-10-13,5.120374
2017-10-16,5.128522
2017-10-17,5.135636
2017-10-18,5.149679
2017-10-19,5.137888
2017-10-20,5.152674
2017-10-23,5.187558
2017-10-24,5.195216
2017-10-25,5.190068
2017-10-26,5.189939
2017-10-27,5.208918
2017-10-30,5.205929
2017-10-31,5.203554
2017-11-01,5.200918
2017-11-02,5.221156
2017-11-03,5.200998
2017-11-06,5.168169
2017-11-07,5.182402
2017-11-08,5.171683
2017-11-09,5.165701
2017-11-10,5.186893
2017-11-13,5.191913
2017-11-14,5.176655
2017-11-15,5.160988
2017-11-16,5.164015
2017-11-17,5.170904
2017-11-20,5.178727
2017-11-21,5.194298
2017-11-22,5.187217
2017-11-23,5.183993
2017-11-24,5.185844
2017-11-27,5.183605
2017-11-28,5.203105
2017-11-29,5.176201
2017-11-30,5.181567
2017-12-01,5.172649
2017-12-04,5.180679
2017-12-05,5.185116
2017-12-06,5.174656
2017-12-07,5.196108
2017-12-08,5.188366
2017-12-11,5.185419
2017-12-12,5.18211
2017-12-13,5.204363
2017-12-14,5.193221
2017-12-15,5.180995
2017-12-18,5.205634
2017-12-19,5.219801
2017-12-20,5.218669
2017-12-21,5.209246
2017-12-22,5.208983
2017-12-25,5.217784
2017-12-26,5.236817
2017-12-27,5.283786
2017-12-28,5.266772
2017-12-29,5.25209
2018-01-02,5.26795
2018-01-03,5.291503
2018-01-04,5.291926
2018-01-05,5.313772
2018-01-08,5.325395
2018-01-09,5.337582
2018-01-10,5.338556
2018-01-11,5.327937
2018-01-12,5.349677
2018-01-15,5.361389
2018-01-16,5.322506
2018-01-17,5.333561
2018-01-18,5.336129
2018-01-19,5.322533
2018-01-22,5.297423
2018-01-23,5.324606
2018-01-24,5.326809
2018-01-25,5.329922
2018-01-26,5.322137
2018-01-29,5.358324
2018-01-30,5.354732
2018-01-31,5.326704
2018-02-01,5.326847
2018-02-02,5.335538
2018-02-05,5.317161
2018-02-06,5.307235
2018-02-07,5.302945
2018-02-08,5.306873
2018-02-09,5.272835
2018-02-12,5.273286
2018-02-13,5.262759
2018-02-14,5.245773
2018-02-15,5.242428
2018-02-16,5.262978
2018-02-19,5.261689
2018-02-20,5.284344
2018-02-21,5.214719
2018-02-22,5.242555
2018-02-23,5.236426
2018-02-26,5.237335
2018-02-27,5.249706
2018-02-28,5.253013
2018-03-01,5.242334
2018-03-02,5.23085
2018-03-05,5.240033
2018-03-06,5.241258
2018-03-07,5.255046
2018-03-08,5.251481
2018-03-09,5.264881
2018-03-12,5.299061
2018-03-13,5.309826
2018-03-14,5.291533
2018-03-15,5.324243
2018-03-16,5.339707
2018-03-19,5.349845
2018-03-20,5.335248
2018-03-21,5.361854
2018-03-22,5.35232
2018-03-23,5.361493
2018-03-26,5.373066
2018-03-27,5.378869
2018-03-28,5.375081
2018-03-29,5.368125
2018-03-30,5.384025
2018-04-02,5.405048
2018-04-03,5.429587
2018-04-04,5.448696
2018-04-05,5.444667
2018-04-06,5.464868
2018-04-09,5.479213
2018-04-10,5.447912
2018-04-11,5.454013
2018-04-12,5.446796
2018-04-13,5.479359
2018-04-16,5.503639
2018-04-17,5.498144
2018-04-18,5.477312
2018-04-19,5.52815
2018-04-20,5.538793
2018-04-24,5.521855
2018-04-25,5.52391
2018-04-26,5.493618
2018-04-27,5.487342
2018-04-30,5.521973
2018-05-02,5.483963
2018-05-03,5.505585
2018-05-04,5.483938
2018-05-07,5.469746
2018-05-08,5.463515
2018-05-09,5.428576
2018-05-10,5.452338
2018-05-11,5.458887
2018-05-14,5.438793
2018-05-15,5.451241
2018-05-16,5.462433
2018-05-17,5.473912
2018-05-18,5.495091
2018-05-21,5.4999
2018-05-22,5.511297
2018-05-23,5.523417
2018-05-24,5.51856
2018-05-25,5.509517
2018-05-28,5.553828
2018-05-29,5.611482
2018-05-30,5.598961
2018-05-31,5.567778
2018-06-01,5.536408
2018-06-04,5.531462
2018-06-05,5.54597
2018-06-06,5.563732
2018-06-07,5.527727
2018-06-08,5.537912
2018-06-11,5.518571
2018-06-12,5.490097
2018-06-13,5.456024
2018-06-14,5.406633
2018-06-18,5.40245
2018-06-19,5.394609
2018-06-20,5.394881
2018-06-21,5.381193
2018-06-22,5.400671
2018-06-25,5.398328
2018-06-26,5.411326
2018-06-27,5.465417
2018-06-28,5.520744
2018-06-29,5.552591
2018-07-02,5.546472
2018-07-03,5.56834
2018-07-04,5.569064
2018-07-05,5.582193
2018-07-06,5.616721
2018-07-09,5.614573
2018-07-10,5.614219
2018-07-11,5.560558
2018-07-12,5.481069
2018-07-13,5.488176
2018-07-16,5.485084
2018-07-17,5.463112
2018-07-18,5.495794
2018-07-19,5.519737
2018-07-20,5.539871
2018-07-23,5.542985
2018-07-24,5.563462
2018-07-25,5.549219
2018-07-26,5.559733
2018-07-27,5.55247
2018-07-30,5.554736
2018-07-31,5.539951
2018-08-01,5.557408
2018-08-02,5.564434
2018-08-03,5.574395
2018-08-06,5.615471
2018-08-07,5.647754
2018-08-08,5.623528
2018-08-09,5.639531
2018-08-10,5.655815
2018-08-13,5.651194
2018-08-14,5.652781
2018-08-15,5.686833
2018-08-16,5.67274
2018-08-17,5.734154
2018-08-20,5.694736
2018-08-27,5.690738
2018-08-28,5.678148
2018-08-29,5.654169
2018-08-31,5.655771
2018-09-03,5.679158
2018-09-04,5.689145
2018-09-05,5.693059
2018-09-06,5.700782
2018-09-07,5.726645
2018-09-10,5.716519
2018-09-11,5.708049
2018-09-12,5.70959
2018-09-13,5.707978
2018-09-14,5.688422
2018-09-17,5.680531
2018-09-18,5.690721
2018-09-19,5.690861
2018-09-20,5.700527
2018-09-21,5.729797
2018-09-24,5.736851
2018-09-25,5.758966
2018-09-26,5.767403
2018-09-27,5.778436
2018-09-28,5.770826
2018-10-01,5.781732
2018-10-02,5.780214
2018-10-03,5.799768
2018-10-04,5.795505
2018-10-05,5.775853
2018-10-08,5.784024
2018-10-09,5.809196
2018-10-10,5.819224
2018-10-11,5.798686
2018-10-12,5.81007
2018-10-15,5.845207
2018-10-16,5.853928
2018-10-17,5.853026
2018-10-18,5.813003
2018-10-19,5.816432
2018-10-22,5.812793
2018-10-23,5.806229
2018-10-24,5.811522
2018-10-25,5.798671
2018-10-26,5.828846
2018-10-30,5.810451
2018-10-31,5.812759
2018-11-01,5.797521
2018-11-02,5.837167
2018-11-05,5.841193
2018-11-06,5.874555
2018-11-07,5.855808
2018-11-08,5.848729
2018-11-09,5.832605
2018-11-12,5.84425
2018-11-13,5.872513
2018-11-14,5.905384
2018-11-15,5.908021
2018-11-16,5.921906
2018-11-19,5.919436
2018-11-20,5.949693
2018-11-21,5.947515
2018-11-22,5.972073
2018-11-23,5.950589
2018-11-26,5.977129
2018-11-27,5.969177
2018-11-28,5.975404
2018-11-29,6.017909
2018-11-30,5.99976
2018-12-03,6.011181
2018-12-04,6.008669
2018-12-05,6.003548
2018-12-06,6.035994
2018-12-07,6.013727
2018-12-10,6.039542
2018-12-11,6.031972
2018-12-12,6.041362
2018-12-13,6.012221
2018-12-14,6.043437
2018-12-17,6.038452
2018-12-18,6.034399
2018-12-19,6.027364
2018-12-20,6.031041
2018-12-21,6.025922
2018-12-24,6.025313
2018-12-25,6.018807
2018-12-26,6.015627
2018-12-27,6.026884
2018-12-28,6.045474
2018-12-31,6.032724
2019-01-03,6.04258
2019-01-04,6.057661
2019-01-07,6.083233
2019-01-08,6.089748
2019-01-09,6.100597
2019-01-10,6.10108
2019-01-11,6.10617
2019-01-14,6.119628
2019-01-15,6.134819
2019-01-16,6.153684
2019-01-17,6.150909
2019-01-18,6.150039
2019-01-21,6.150587
2019-01-22,6.154806
2019-01-23,6.194095
2019-01-24,6.195368
2019-01-25,6.24021
2019-01-28,6.25769
2019-01-29,6.276921
2019-01-30,6.312855
2019-01-31,6.291635
2019-02-01,6.290542
2019-02-04,6.299914
2019-02-05,6.302892
2019-02-06,6.298192
2019-02-07,6.285339
2019-02-08,6.279813
2019-02-11,6.305999
2019-02-12,6.326396
2019-02-13,6.312578
2019-02-14,6.28252
2019-02-15,6.292788
2019-02-18,6.320429
2019-02-19,6.274962
2019-02-20,6.284912
2019-02-21,6.291229
2019-02-22,6.299838
2019-02-25,6.328837
2019-02-26,6.313777
2019-02-27,6.320448
2019-02-28,6.315822
2019-03-01,6.323514
2019-03-04,6.337675
2019-03-05,6.342306
2019-03-06,6.340993
2019-03-07,6.339696
2019-03-08,6.30117
2019-03-11,6.297077
2019-03-12,6.275845
2019-03-13,6.286849
2019-03-14,6.290073
2019-03-15,6.318404
2019-03-18,6.319371
2019-03-19,6.352012
2019-03-20,6.328304
2019-03-21,6.300651
2019-03-22,6.310161
2019-03-25,6.289709
2019-03-26,6.291249
2019-03-27,6.274665
2019-03-28,6.253271
2019-03-29,6.256366
2019-04-01,6.322743
2019-04-02,6.331198
2019-04-03,6.302596
2019-04-04,6.345033
2019-04-05,6.507217
2019-04-08,6.517269
2019-04-09,6.445685
2019-04-10,6.501215
2019-04-11,6.458009
2019-04-12,6.400311
2019-04-15,6.3837
2019-04-16,6.369788
2019-04-17,6.443874
2019-04-18,6.492469
2019-04-19,6.438919
2019-04-22,6.440522
2019-04-24,6.399888
2019-04-25,6.416161
2019-04-26,6.311595
2019-04-29,6.325642
2019-04-30,6.273662
2019-05-02,6.323546
2019-05-03,6.260321
2019-05-06,6.255511
2019-05-07,6.245619
2019-05-08,6.191649
2019-05-09,6.210712
2019-05-10,6.172253
2019-05-13,6.19276
2019-05-14,6.137747
2019-05-15,6.165167
2019-05-16,6.173722
2019-05-17,6.179924
2019-05-20,6.184402
2019-05-21,6.192687
2019-05-22,6.185978
2019-05-23,6.173121
2019-05-24,6.164271
2019-05-27,6.202214
2019-05-28,6.187629
2019-05-29,6.202692
2019-05-30,6.200177
2019-05-31,6.228283
2019-06-03,6.262651
2019-06-07,6.289696
2019-06-10,6.322862
2019-06-11,6.340287
2019-06-12,6.320181
2019-06-13,6.33244
2019-06-14,6.322284
2019-06-17,6.33073
2019-06-18,6.344128
2019-06-19,6.358567
2019-06-20,6.346968
2019-06-21,6.356821
2019-06-24,6.360989
2019-06-25,6.384032
2019-06-26,6.401578
2019-06-27,6.393251
2019-06-28,6.407443
2019-07-01,6.409789
2019-07-02,6.431983
2019-07-03,6.429976
2019-07-04,6.423212
2019-07-05,6.421399
2019-07-08,6.409385
2019-07-09,6.415967
2019-07-10,6.396185
2019-07-11,6.420943
2019-07-12,6.430602
2019-07-16,6.42254
2019-07-17,6.444192
2019-07-18,6.475524
2019-07-19,6.493782
2019-07-22,6.514469
2019-07-23,6.534006
2019-07-24,6.534544
2019-07-25,6.556395
2019-07-26,6.559732
2019-07-29,6.56978
2019-07-30,6.595295
2019-07-31,6.600297
2019-08-01,6.590211
2019-08-02,6.589999
2019-08-05,6.595799
2019-08-06,6.609723
2019-08-07,6.634847
2019-08-08,6.662715
2019-08-09,6.6805
2019-08-15,6.745275
2019-08-16,6.765218
2019-08-19,6.787929
2019-08-20,6.77538
2019-08-21,6.782141
2019-08-22,6.74046
2019-08-23,6.758917
2019-08-26,6.772165
2019-08-27,6.790331
2019-08-28,6.796198
2019-08-29,6.829096
2019-09-02,6.828458
2019-09-03,6.827108
2019-09-04,6.832685
2019-09-05,6.844802
2019-09-06,6.832084
2019-09-09,6.839277
2019-09-10,6.850973
2019-09-11,6.851743
2019-09-12,6.880034
2019-09-13,6.864674
2019-09-16,6.859985
2019-09-17,6.868508
2019-09-18,6.859841
2019-09-19,6.873531
2019-09-20,6.847744
2019-09-23,6.87338
2019-09-24,6.878384
2019-09-25,6.882697
2019-09-26,6.901412
2019-09-27,6.889655
2019-09-30,6.901363
2019-10-01,6.915093
2019-10-02,6.912048
2019-10-03,6.924722
2019-10-04,6.951049
2019-10-07,6.987102
2019-10-08,6.997079
2019-10-09,6.992367
2019-10-10,6.993504
2019-10-11,6.979872
2019-10-14,6.959094
2019-10-15,6.926509
2019-10-16,6.941705
2019-10-17,6.92299
2019-10-18,6.924717
2019-10-21,6.987831
2019-10-22,6.970589
2019-10-23,6.998855
2019-10-24,7.067143
2019-10-25,7.076029
2019-10-28,7.082826
2019-10-31,7.032392
2019-11-01,7.043102
2019-11-04,7.044889
2019-11-05,7.088389
2019-11-06,7.082237
2019-11-07,7.103551
2019-11-08,7.097077
2019-11-11,7.066173
2019-11-12,7.081574
2019-11-13,7.099171
2019-11-14,7.134978
2019-11-15,7.119804
2019-11-18,7.185748
2019-11-19,7.210768
2019-11-20,7.202459
2019-11-21,7.202026
2019-11-22,7.196116
2019-11-25,7.182052
2019-11-26,7.186531
2019-11-27,7.203961
2019-11-28,7.193767
2019-11-29,7.208668
2019-12-02,7.224177
2019-12-03,7.271653
2019-12-04,7.281318
2019-12-05,7.288706
2019-12-06,7.297507
2019-12-09,7.292329
2019-12-10,7.280148
2019-12-11,7.260069
2019-12-12,7.272318
2019-12-13,7.318486
2019-12-16,7.301
2019-12-17,7.333836
2019-12-18,7.329559
2019-12-19,7.318346
2019-12-20,7.319496
2019-12-23,7.328192
2019-12-24,7.354289
2019-12-25,7.372181
2019-12-26,7.365927
2019-12-27,7.364788
2019-12-30,7.372624
2019-12-31,7.398476
2020-01-02,7.39596
2020-01-03,7.447109
2020-01-06,7.374906
2020-01-07,7.325773
2020-01-08,7.359252
2020-01-09,7.346323
2020-01-10,7.440379
2020-01-13,7.465559
2020-01-14,7.525632
2020-01-15,7.555247
2020-01-16,7.574417
2020-01-17,7.581169
2020-01-20,7.593589
2020-01-21,7.615125
2020-01-22,7.636264
2020-01-23,7.651935
2020-01-24,7.645709
2020-01-27,7.658929
2020-01-28,7.622674
2020-01-29,7.641907
2020-01-30,7.594326
2020-01-31,7.572493
2020-02-03,7.56131
2020-02-04,7.594771
2020-02-05,7.661757
2020-02-06,7.675882
2020-02-07,7.689784
2020-02-10,7.66882
2020-02-11,7.579663
2020-02-12,7.57961
2020-02-13,7.547039
2020-02-14,7.545029
2020-02-17,7.529253
2020-02-18,7.540941
2020-02-19,7.491805
2020-02-20,7.473452
2020-02-21,7.344595
2020-02-24,7.388564
2020-02-25,7.350852
2020-02-26,7.338728
2020-02-27,7.35663
2020-03-02,7.220053
2020-03-03,7.232443
2020-03-04,7.304735
2020-03-05,7.289104
2020-03-06,7.315407
2020-03-09,7.260216
2020-03-10,7.088288
2020-03-11,7.007455
2020-03-12,7.079745
2020-03-13,6.893524
2020-03-16,6.939798
2020-03-17,6.774796
2020-03-18,6.74557
2020-03-19,6.71222
2020-03-20,6.662292
2020-03-23,6.690667
2020-03-24,6.668145
2020-03-25,6.79447
2020-03-26,6.854967
2020-03-27,6.930923
2020-03-30,6.84553
2020-03-31,6.813181
2020-04-01,6.847572
2020-04-02,6.811994
2020-04-03,6.812502
2020-04-06,6.812361
2020-04-07,6.870241
2020-04-08,6.886867
2020-04-09,6.895986
2020-04-10,6.958321
2020-04-13,6.969473
2020-04-14,6.973036
2020-04-15,7.045635
2020-04-16,6.964092
2020-04-17,6.979874
2020-04-20,6.997435
2020-04-21,7.002122
2020-04-22,6.977446
2020-04-24,6.974566
2020-04-27,6.995093
2020-04-28,7.082772
2020-04-29,7.114327
2020-04-30,7.093144
2020-05-04,7.086142
2020-05-05,7.084954
2020-05-06,7.092468
2020-05-07,7.093488
2020-05-08,7.104291
2020-05-11,7.068848
2020-05-12,7.06571
2020-05-13,7.089298
2020-05-14,7.089868
2020-05-15,7.067222
2020-05-18,7.078811
2020-05-21,7.119098
2020-05-22,7.120144
2020-05-27,7.116356
2020-05-28,7.175779
2020-05-29,7.224384
2020-06-01,7.200501
2020-06-02,7.219929
2020-06-03,7.228085
2020-06-04,7.228997
2020-06-05,7.212372
2020-06-08,7.247569
2020-06-09,7.23106
2020-06-10,7.233806
2020-06-11,7.25675
2020-06-12,7.2593
2020-06-15,7.295189
2020-06-16,7.294915
2020-06-17,7.314603
2020-06-18,7.303882
2020-06-19,7.340272
2020-06-22,7.357126
2020-06-23,7.391387
2020-06-24,7.389332
2020-06-25,7.369541
2020-06-26,7.381276
2020-06-29,7.431488
2020-06-30,7.516544
2020-07-01,7.554558
2020-07-02,7.500235
2020-07-03,7.549972
2020-07-06,7.521877
2020-07-07,7.625336
2020-07-08,7.681109
2020-07-09,7.735039
2020-07-10,7.5772
2020-07-13,7.502129
2020-07-14,7.571415
2020-07-16,7.55671
2020-07-17,7.583618
2020-07-20,7.600401
2020-07-21,7.605962
2020-07-22,7.578259
2020-07-23,7.57713
2020-07-24,7.600541
2020-07-27,7.599271
2020-07-28,7.608007
2020-07-29,7.530327
2020-07-30,7.509049
2020-08-04,7.504169
2020-08-05,7.468055
2020-08-06,7.46464
2020-08-07,7.354409
2020-08-10,7.419622
2020-08-11,7.417313
2020-08-12,7.500436
2020-08-13,7.497314
2020-08-17,7.412328
2020-08-18,7.415707
2020-08-19,7.438465
2020-08-20,7.503688
2020-08-21,7.503036
2020-08-24,7.464569
2020-08-25,7.456698
2020-08-26,7.40679
2020-08-27,7.426505
2020-08-28,7.450962
2020-08-31,7.418295
2020-09-01,7.375795
2020-09-02,7.412069
2020-09-03,7.387789
2020-09-04,7.380147
2020-09-07,7.419436
2020-09-08,7.451598
2020-09-09,7.453886
2020-09-10,7.459612
2020-09-11,7.488307
2020-09-14,7.489809
2020-09-15,7.501088
2020-09-16,7.50562
2020-09-17,7.510299
2020-09-18,7.523725
2020-09-22,7.432367
2020-09-23,7.452268
2020-09-24,7.475394
2020-09-25,7.499497
2020-09-28,7.506841
2020-09-29,7.482441
2020-09-30,7.486464
2020-10-01,7.559513
2020-10-05,7.552527
2020-10-06,7.587909
2020-10-07,7.577785
2020-10-08,7.594187
2020-10-09,7.56599
2020-10-12,7.628679
2020-10-13,7.693899
2020-10-14,7.732489
2020-10-15,7.749398
2020-10-16,7.781698
2020-10-19,7.828741
2020-10-20,7.864167
2020-10-21,7.906504
2020-10-22,7.966991
2020-10-23,7.942751
2020-10-26,7.942704
2020-10-27,7.88765
2020-10-28,7.93332
2020-10-30,7.936335
2020-11-02,7.962804
2020-11-03,7.980782
2020-11-04,7.968716
2020-11-05,7.985768
2020-11-06,8.008304
2020-11-09,8.024604
2020-11-10,8.101615
2020-11-11,8.196758
2020-11-12,8.332138
2020-11-13,8.316284
2020-11-17,8.407518
2020-11-18,8.258166
2020-11-20,8.439277
2020-11-23,8.487674
2020-11-24,8.434168
2020-11-25,8.503692
2020-11-26,8.565024
2020-11-27,8.604218
2020-11-30,8.489822
2020-12-01,8.371094
2020-12-02,8.488338
2020-12-03,8.448886
2020-12-04,8.433216
2020-12-07,8.45702
2020-12-08,8.476527
2020-12-09,8.445838
2020-12-10,8.473516
2020-12-11,8.469243
2020-12-14,8.499249
2020-12-15,8.543287
2020-12-16,8.605952
2020-12-17,8.587588
2020-12-18,8.612898
2020-12-22,8.55036
2020-12-23,8.603801
2020-12-24,8.64789
2020-12-25,8.71568
2020-12-28,8.732837
2020-12-29,8.760899
2020-12-30,8.784453
2020-12-31,8.827153
2021-01-05,8.889098
2021-01-06,8.907545
2021-01-07,8.970007
2021-01-08,9.017054
2021-01-11,9.161643
2021-01-13,9.124357
2021-01-14,9.118957
2021-01-15,9.083774
2021-01-18,9.04732
2021-01-19,9.126013
2021-01-20,9.165335
2021-01-21,9.131219
2021-01-22,9.101511
2021-01-25,9.05716
2021-01-26,9.050896
2021-01-27,9.021484
2021-01-28,8.822404
2021-01-29,8.951948
2021-02-01,8.920273
2021-02-02,9.010924
2021-02-03,9.046791
2021-02-04,9.155597
2021-02-05,9.125303
2021-02-08,9.125318
2021-02-09,9.151693
2021-02-10,9.257693
2021-02-11,9.255008
2021-02-12,9.251291
2021-02-15,9.277168
2021-02-16,9.374016
2021-02-17,9.336296
2021-02-18,9.289024
2021-02-19,9.257949
2021-02-22,9.322412
2021-02-23,9.262074
2021-02-24,9.206814
2021-02-25,9.120127
2021-02-26,9.105798
2021-03-01,9.077272
2021-03-02,9.239357
2021-03-03,9.28186
2021-03-04,9.338831
2021-03-05,9.351501
2021-03-08,9.414446
2021-03-09,9.42318
2021-03-10,9.396726
2021-03-11,9.412359
2021-03-12,9.360908
2021-03-15,9.337095
2021-03-16,9.275282
2021-03-17,9.310563
2021-03-18,9.233557
2021-03-19,9.25532
2021-03-22,9.16488
2021-03-23,8.77048
2021-03-24,8.700288
2021-03-25,8.81012
2021-03-26,8.765681
2021-03-29,8.724275
2021-03-30,8.745985
2021-04-01,8.709395
2021-04-02,8.867036
2021-04-05,8.895597
2021-04-06,8.930389
2021-04-07,8.846013
2021-04-08,8.855081
2021-04-09,8.882452
2021-04-12,8.834985
2021-04-13,8.810105
2021-04-14,8.810733
2021-04-15,8.898168
2021-04-16,8.913399
2021-04-19,8.909248
2021-04-20,8.864455
2021-04-21,8.828109
2021-04-22,8.720531
2021-04-26,8.772265
2021-04-27,8.828239
2021-04-28,8.896808
2021-04-29,8.878784
2021-04-30,8.94563
2021-05-03,8.998103
2021-05-04,9.058857
2021-05-05,9.036636
2021-05-06,9.037104
2021-05-07,9.117918
2021-05-10,9.141264
2021-05-11,9.144338
2021-05-12,9.127681
2021-05-17,9.128559
2021-05-18,9.1761
2021-05-20,9.206753
2021-05-21,9.208249
2021-05-24,9.237146
2021-05-25,9.22625
2021-05-26,9.114424
2021-05-27,9.175892
2021-05-28,9.136369
2021-05-31,9.136051
2021-06-01,9.122682
2021-06-02,9.168465
2021-06-03,9.182892
2021-06-04,9.165595
2021-06-07,9.171655
2021-06-08,9.201803
2021-06-09,9.20073
2021-06-10,9.200408
2021-06-11,9.234356
2021-06-14,9.226278
2021-06-15,9.205116
2021-06-16,9.202999
2021-06-17,9.170136
2021-06-18,9.171581
2021-06-21,9.157374
2021-06-22,9.126965
2021-06-23,9.160199
2021-06-24,9.151187
2021-06-25,9.173596
2021-06-28,9.13339
2021-06-29,9.101114
2021-06-30,9.127935
2021-07-01,9.115711
2021-07-02,9.14686
2021-07-05,9.13031
2021-07-06,9.179975
2021-07-07,9.163175
2021-07-08,9.17686
2021-07-09,9.144383
2021-07-12,9.158921
2021-07-13,9.114102
2021-07-14,9.084376
2021-07-16,9.139785
2021-07-19,9.121923
2021-07-26,9.113403
2021-07-27,9.117254
2021-07-28,9.131924
2021-07-29,9.129676
2021-07-30,9.180062
2021-08-02,9.219365
2021-08-03,9.248954
2021-08-04,9.27258
2021-08-05,9.288411
2021-08-06,9.350095
2021-08-09,9.356499
2021-08-10,9.342606
2021-08-11,9.362833
2021-08-12,9.298003
2021-08-13,9.36376
2021-08-16,9.376241
2021-08-17,9.414051
2021-08-18,9.439266
2021-08-19,9.422259
2021-08-20,9.396035
2021-08-23,9.411918
2021-08-24,9.454183
2021-08-25,9.466029
2021-08-26,9.452721
2021-08-27,9.416005
2021-08-31,9.462749
2021-09-01,9.515974
2021-09-02,9.555223
2021-09-03,9.599776
2021-09-06,9.573286
2021-09-07,9.616556
2021-09-08,9.557295
2021-09-09,9.503252
2021-09-10,9.555796
2021-09-13,9.531752
2021-09-14,9.539364
2021-09-15,9.577521
2021-09-16,9.591899
2021-09-17,9.580552
2021-09-20,9.575128
2021-09-21,9.535119
2021-09-22,9.559082
2021-09-23,9.613699
2021-09-24,9.594621
2021-09-27,9.55061
2021-09-28,9.572539
2021-09-29,9.576427
2021-09-30,9.585235
2021-10-01,9.62109
2021-10-04,9.611849
2021-10-05,9.623941
2021-10-06,9.649193
2021-10-07,9.612784
2021-10-08,9.681052
2021-10-11,9.674767
2021-10-12,9.725702
2021-10-13,9.739659
2021-10-14,9.697887
2021-10-15,9.715287
2021-10-18,9.732827
2021-10-19,9.744965
2021-10-20,9.784317
2021-10-21,9.813134
2021-10-22,9.875145
2021-10-25,9.919461
2021-10-26,9.944416
2021-10-27,9.956341
2021-10-28,9.988112
2021-11-01,9.993642
2021-11-02,10.00883
2021-11-03,10.035103
2021-11-04,10.07479
2021-11-05,10.119473
2021-11-08,10.156594
2021-11-09,10.211286
2021-11-10,10.23926
2021-11-11,10.313695
2021-11-12,10.31571
2021-11-15,10.359739
2021-11-16,10.491085
2021-11-17,10.477339
2021-11-18,10.536595
2021-11-19,10.610892
2021-11-22,10.595963
2021-11-23,10.632765
2021-11-24,10.710927
2021-11-25,10.70068
2021-11-26,10.679289
2021-11-29,10.585841
2021-11-30,10.643982
2021-12-01,10.599278
2021-12-02,10.70034
2021-12-03,10.692938
2021-12-06,10.741698
2021-12-07,10.801354
2021-12-08,10.934976
2021-12-09,10.994929
2021-12-10,11.05768
2021-12-13,11.064522
2021-12-14,11.255984
2021-12-15,11.392809
2021-12-16,11.346502
2021-12-17,11.694225
2021-12-20,11.034383
2021-12-21,10.969252
2021-12-22,10.49906
2021-12-23,10.337077
2021-12-24,10.357464
2021-12-27,10.681804
2021-12-28,10.712066
2021-12-29,10.555791
2021-12-30,10.674156
2021-12-31,10.580294
2022-01-03,10.588732
2022-01-04,10.823198
2022-01-05,10.959527
2022-01-06,11.265187
2022-01-07,11.290851
2022-01-10,11.416441
2022-01-11,11.424433
2022-01-12,11.428524
2022-01-13,11.426194
2022-01-14,11.537522
2022-01-17,11.545704
2022-01-18,11.683379
2022-01-19,11.729293
2022-01-21,11.623006
2022-01-24,11.569107
2022-01-25,11.454016
2022-01-26,11.288389
2022-01-27,11.320121
2022-01-28,11.420849
2022-01-31,11.368039
2022-02-01,11.436414
2022-02-02,11.501748
2022-02-03,11.492379
2022-02-04,11.337522
2022-02-07,11.300691
2022-02-08,11.463278
2022-02-09,11.540964
2022-02-10,11.633806
2022-02-11,11.619753
2022-02-14,11.711511
2022-02-15,11.581665
2022-02-16,11.718528
2022-02-17,11.717411
2022-02-18,11.582684
2022-02-21,11.661983
2022-02-22,11.658528
2022-02-23,11.564335
2022-02-24,11.502788
2022-02-25,10.850132
2022-02-28,11.251686
2022-03-01,11.179923
2022-03-02,11.265821
2022-03-03,11.287184
2022-03-04,11.377454
2022-03-07,11.38157
2022-03-08,11.396095
2022-03-09,11.448721
2022-03-10,11.565214
2022-03-11,11.580146
2022-03-14,11.62589
2022-03-15,11.764074
2022-03-16,11.752115
2022-03-17,11.810048
2022-03-18,11.924872
2022-03-21,11.932615
2022-03-22,12.033652
2022-03-23,12.18023
2022-03-24,12.139677
2022-03-25,12.107753
2022-03-28,12.090274
2022-03-29,12.228466
2022-03-30,12.30094
2022-03-31,12.373374
2022-04-01,12.365069
2022-04-04,12.423457
2022-04-05,12.539954
2022-04-06,12.533457
2022-04-07,12.546407
2022-04-08,12.717983
2022-04-11,12.816988
2022-04-12,13.101429
2022-04-13,13.216546
2022-04-14,13.141339
2022-04-15,13.242525
2022-04-18,13.279027
2022-04-19,13.319632
2022-04-20,13.412406
2022-04-21,13.487456
2022-04-22,13.622224
2022-04-25,13.33951
2022-04-26,13.300033
2022-04-27,13.101788
2022-04-28,13.1919
2022-04-29,13.245271
2022-05-05,13.313236
2022-05-06,13.497479
2022-05-09,13.604478
2022-05-10,13.734138
2022-05-11,13.888846
2022-05-12,13.738255
2022-05-13,13.579308
2022-05-16,13.701728
2022-05-17,13.694747
2022-05-18,13.742996
2022-05-20,13.706947
2022-05-23,13.631264
2022-05-24,13.571953
2022-05-25,13.602604
2022-05-27,13.837495
2022-05-30,13.816284
2022-05-31,14.046244
2022-06-01,14.079043
2022-06-03,14.356705
2022-06-06,14.385774
2022-06-07,14.618696
2022-06-09,14.380198
2022-06-10,14.520225
2022-06-13,14.360388
2022-06-14,14.410111
2022-06-15,14.343366
2022-06-16,14.397255
2022-06-17,14.248926
2022-06-20,14.338921
2022-06-21,14.358819
2022-06-22,14.551301
2022-06-23,14.606496
2022-06-24,14.577563
2022-06-27,14.636959
2022-06-28,14.434011
2022-06-29,14.393823
2022-06-30,14.135459
2022-07-01,14.070318
2022-07-04,14.165517
2022-07-05,14.076569
2022-07-06,13.875413
2022-07-07,14.098977
2022-07-08,14.185661
2022-07-13,14.255834
2022-07-14,14.230158
2022-07-18,14.138055
2022-07-19,14.374837
2022-07-20,14.541845
2022-07-21,14.622029
2022-07-22,14.570462
2022-07-25,14.605958
2022-07-26,14.786828
2022-07-27,14.854789
2022-07-28,14.881759
2022-07-29,15.02273
2022-08-01,15.278228
2022-08-02,15.697766
2022-08-03,15.758415
2022-08-04,15.945067
2022-08-05,16.107862
2022-08-08,16.166027
2022-08-09,16.301347
2022-08-10,16.377424
2022-08-11,16.527554
2022-08-12,16.676685
2022-08-15,16.748886
2022-08-16,16.840877
2022-08-17,16.908224
2022-08-18,17.007986
2022-08-19,17.187485
2022-08-22,17.257736
2022-08-23,17.375086
2022-08-24,17.554553
2022-08-25,17.387064
2022-08-26,17.64768
2022-08-29,17.638912
2022-08-31,17.813879
2022-09-01,17.868112
2022-09-02,17.879445
2022-09-05,18.060412
2022-09-06,18.351866
2022-09-07,18.540589
2022-09-08,18.481728
2022-09-09,18.551311
2022-09-12,18.766481
2022-09-13,18.881316
2022-09-14,18.384954
2022-09-15,18.512411
2022-09-16,18.385818
2022-09-19,18.578782
2022-09-20,18.190809
2022-09-21,18.327594
2022-09-22,18.348996
2022-09-23,18.508549
2022-09-26,18.600793
2022-09-27,18.49334
2022-09-28,18.412196
2022-09-29,18.203765
2022-09-30,17.973328
2022-10-03,18.159587
2022-10-04,18.703654
2022-10-05,19.002778
2022-10-06,19.224598
2022-10-07,19.347749
2022-10-10,19.463086
2022-10-11,19.644279
2022-10-12,19.658247
2022-10-13,19.607127
2022-10-14,19.772848
2022-10-17,19.99565
2022-10-18,20.747113
2022-10-19,20.683592
2022-10-20,20.970955
2022-10-24,21.181939
2022-10-25,21.222401
2022-10-26,21.140967
2022-10-27,21.247661
2022-10-28,21.218079
2022-10-31,21.078504
2022-11-01,21.376311
2022-11-02,21.654442
2022-11-03,21.795004
2022-11-04,21.942819
2022-11-07,22.19125
2022-11-08,22.364657
2022-11-09,22.42336
2022-11-10,22.267528
2022-11-11,22.45889
2022-11-14,22.59815
2022-11-15,22.8464
2022-11-16,22.886303
2022-11-17,22.684162
2022-11-18,22.435385
2022-11-21,22.752168
2022-11-22,22.974883
2022-11-23,23.323913
2022-11-24,23.434824
2022-11-25,23.653521
2022-11-28,23.905459
2022-11-29,24.114326
2022-11-30,24.240192
2022-12-01,24.562443
2022-12-02,24.725994
2022-12-05,24.746599
2022-12-06,24.922921
2022-12-07,24.910384
2022-12-08,24.592777
2022-12-09,24.590835
2022-12-12,24.924757
2022-12-13,25.260045
2022-12-14,25.503474
2022-12-15,25.19924
2022-12-16,25.407207
2022-12-19,25.538865
2022-12-20,25.748736
2022-12-21,25.822438
2022-12-22,25.857005
2022-12-23,25.7982
2022-12-26,25.757408
2022-12-27,25.907382
2022-12-28,25.837477
2022-12-29,25.4852
2022-12-30,25.838807
2023-01-02,25.972311
2023-01-03,26.290306
2023-01-04,26.14102
2023-01-05,26.079065
2023-01-06,25.192958
2023-01-09,25.627483
2023-01-10,25.217118
2023-01-11,24.83733
2023-01-12,24.257514
2023-01-13,24.868134
2023-01-16,24.961308
2023-01-17,25.424084
2023-01-18,25.762652
2023-01-19,25.9145
2023-01-20,26.103378
2023-01-23,26.135489
2023-01-24,25.96873
2023-01-25,25.870964
2023-01-26,25.74816
2023-01-27,25.666467
2023-01-30,25.434366
2023-01-31,25.157699
2023-02-01,24.933352
2023-02-02,24.162081
2023-02-03,24.11626
2023-02-06,24.830636
2023-02-07,24.505549
2023-02-08,23.310485
2023-02-09,23.311106
2023-02-10,23.311685
2023-02-13,23.30909
2023-02-14,23.313489
2023-02-15,23.313723
2023-02-16,24.557851
2023-02-17,24.486438
2023-02-20,24.386161
2023-02-21,24.776637
2023-02-22,25.145587
2023-02-23,24.976442
2023-02-24,25.130758
2023-02-27,25.139081
2023-02-28,25.343029
2023-03-01,25.451855
2023-03-02,25.681237
2023-03-03,25.895188
2023-03-06,25.808418
2023-03-07,26.249311
2023-03-08,26.294255
2023-03-09,26.341645
2023-03-10,26.528301
2023-03-13,26.569906
2023-03-14,26.319686
2023-03-15,26.015386
2023-03-16,25.587625
2023-03-17,25.905504
2023-03-20,25.934168
2023-03-21,25.406462
2023-03-22,25.26399
2023-03-23,25.413727
2023-03-24,25.57081
2023-03-27,25.490396
2023-03-28,25.348276
2023-03-29,24.900416
2023-03-30,25.019729
2023-03-31,24.994046
2023-04-03,24.679044
2023-04-04,24.737155
2023-04-05,25.006152
2023-04-06,24.888926
2023-04-07,24.894034
2023-04-10,25.066108
2023-04-11,25.377877
2023-04-12,25.346003
2023-04-13,25.468358
2023-04-14,25.426517
2023-04-17,25.357916
2023-04-18,25.154209
2023-04-19,25.139938
2023-04-20,25.198685
2023-04-24,25.105389
2023-04-25,25.031292
2023-04-26,24.674466
2023-04-27,24.301923
2023-04-28,24.304233
2023-05-02,24.055604
2023-05-04,23.212734
2023-05-05,23.418516
2023-05-08,23.425086
2023-05-09,23.779489
2023-05-10,23.739449
2023-05-11,23.697214
2023-05-12,24.492118
2023-05-15,24.33406
2023-05-16,23.911111
2023-05-17,24.227724
2023-05-18,24.467367
2023-05-22,24.308747
2023-05-23,24.199172
2023-05-24,24.213625
2023-05-25,24.017904
2023-05-26,23.948234
2023-05-29,24.246691
2023-05-30,24.762731
2023-05-31,25.203044
2023-06-01,25.394604
2023-06-02,25.653384
2023-06-05,25.869429
2023-06-06,26.472671
2023-06-07,26.440245
2023-06-08,26.744523
2023-06-09,26.839043
2023-06-12,27.393956
2023-06-13,27.414137
2023-06-14,27.096459
2023-06-15,26.865571
2023-06-16,27.022001
2023-06-19,27.19051
2023-06-20,26.566856
2023-06-21,26.467793
2023-06-22,26.263699
2023-06-23,27.165691
2023-06-26,27.684118
2023-06-27,28.206868
2023-07-03,28.477636
2023-07-04,29.33377
2023-07-05,29.554177
2023-07-06,29.698592
2023-07-07,29.76874
2023-07-10,29.901966
2023-07-11,30.476475
2023-07-12,30.583622
2023-07-13,30.384934
2023-07-14,30.220226
2023-07-17,30.428252
2023-07-18,30.975544
2023-07-19,30.450744
2023-07-20,30.880022
2023-07-21,31.533409
2023-07-24,31.599681
2023-07-25,31.691038
2023-07-26,31.791143
2023-07-27,32.195437
2023-07-28,32.328687
2023-07-31,32.553771
2023-08-01,33.035927
2023-08-02,33.1379
2023-08-03,33.153238
2023-08-04,33.513079
2023-08-07,34.060566
2023-08-08,34.453644
2023-08-09,34.353961
2023-08-10,34.35116
2023-08-11,33.743132
2023-08-14,34.399991
2023-08-15,34.634623
2023-08-16,34.798026
2023-08-17,34.894144
2023-08-18,35.38876
2023-08-21,34.715952
2023-08-23,35.656839
2023-08-24,35.525914
2023-08-25,34.428608
2023-08-28,34.928909
2023-08-29,35.45606
2023-08-31,35.567043
2023-09-01,36.033307
2023-09-04,36.399242
2023-09-05,36.671537
2023-09-06,36.877512
2023-09-07,36.853435
2023-09-08,37.309268
2023-09-11,37.392424
2023-09-12,37.095644
2023-09-13,37.261659
2023-09-14,36.865134
2023-09-15,36.774055
2023-09-18,36.92007
2023-09-19,36.106268
2023-09-20,36.624047
2023-09-21,36.693489
2023-09-22,37.486924
2023-09-25,38.626467
2023-09-26,39.157962
2023-09-27,38.99374
2023-09-28,39.306171
2023-09-29,39.007876
2023-10-02,39.175317
2023-10-03,39.569067
2023-10-04,39.789864
2023-10-05,39.438944
2023-10-06,39.590242
2023-10-09,40.253424
2023-10-10,38.871743
2023-10-11,39.456439
2023-10-12,39.399465
2023-10-13,39.226494
2023-10-16,38.973822
2023-10-17,38.770571
2023-10-18,38.839815
2023-10-19,38.034413
2023-10-20,38.018622
2023-10-23,36.971319
2023-10-24,37.675417
2023-10-25,38.815637
2023-10-26,38.032855
2023-10-27,38.974987
2023-10-30,39.242539
2023-10-31,39.427576
2023-11-01,38.569738
2023-11-02,38.199443
2023-11-03,37.882627
2023-11-06,37.863324
2023-11-07,38.425092
2023-11-08,38.340524
2023-11-09,38.346729
2023-11-10,38.258217
2023-11-13,38.333676
2023-11-14,37.761136
2023-11-15,37.454091
2023-11-16,37.444907
2023-11-17,37.00989
2023-11-20,37.448614
2023-11-21,37.774086
2023-11-22,38.18803
2023-11-23,37.808272
2023-11-24,37.42971
2023-11-27,37.805627
2023-11-28,37.923304
2023-11-29,37.890272
2023-11-30,37.710249
2023-12-01,37.566254
2023-12-04,37.717059
2023-12-05,37.696413
2023-12-06,37.677408
2023-12-07,36.760775
2023-12-08,37.000872
2023-12-11,37.19398
2023-12-12,36.271975
2023-12-13,36.134486
2023-12-14,35.167806
2023-12-15,35.830588
2023-12-18,36.434191
2023-12-19,35.882341
2023-12-20,36.182025
2023-12-21,35.92209
2023-12-22,36.324589
2023-12-25,35.987106
2023-12-26,35.080812
2023-12-27,35.436451
2023-12-28,35.372066
2023-12-29,36.145647
2024-01-02,36.624243
2024-01-03,37.304013
2024-01-04,36.196644
2024-01-05,36.536156
2024-01-08,36.85966
2024-01-09,37.167788
2024-01-10,36.597812
2024-01-11,37.015431
2024-01-12,37.259058
2024-01-15,37.544479
2024-01-16,37.843846
2024-01-17,37.791744
2024-01-18,37.85964
2024-01-19,38.010305
2024-01-22,37.985942
2024-01-23,38.248446
2024-01-24,37.324509
2024-01-25,38.091387
2024-01-26,38.482324
2024-01-29,39.354391
2024-01-30,39.650326
2024-01-31,39.62987
2024-02-01,39.58007
2024-02-02,40.385381
2024-02-05,40.19248
2024-02-06,40.643984
2024-02-07,40.959465
2024-02-08,40.912134
2024-02-09,41.258523
2024-02-12,41.653368
2024-02-13,41.982591
2024-02-14,41.458455
2024-02-15,41.693243
2024-02-16,42.578181
2024-02-19,42.588348
2024-02-20,42.211955
2024-02-21,42.598421
2024-02-22,42.368544
2024-02-23,42.843041
2024-02-26,42.801838
2024-02-27,42.349364
2024-02-28,41.737034
2024-02-29,41.239201
2024-03-01,41.636681
2024-03-05,40.859044
2024-03-06,40.405468
2024-03-07,39.83463
2024-03-08,41.642468
2024-03-11,42.271981
2024-03-12,42.573039
2024-03-13,42.192908
2024-03-14,41.959281
2024-03-15,41.701211
2024-03-18,41.359252
2024-03-19,40.721713
2024-03-20,41.473547
2024-03-21,41.410586
2024-03-22,41.350697
2024-03-25,41.186402
2024-03-26,41.00575
2024-03-27,41.082838
2024-03-28,41.005482
2024-03-29,41.00305
2024-04-01,41.322511
2024-04-02,41.40098
2024-04-03,40.939055
2024-04-04,40.910454
2024-04-05,41.436857
2024-04-08,42.896243
2024-04-09,43.837913
2024-04-15,44.412128
2024-04-16,44.745454
2024-04-17,44.16297
2024-04-18,43.947243
2024-04-19,44.045532
2024-04-22,44.741349
2024-04-24,44.888647
2024-04-25,45.028574
2024-04-26,45.452117
2024-04-29,46.065399
2024-04-30,46.41932
2024-05-02,46.322372
2024-05-03,46.942291
2024-05-06,46.831896
2024-05-07,47.054083
2024-05-08,46.812671
2024-05-09,47.238135
2024-05-10,47.357384
2024-05-13,47.759626
2024-05-14,47.406343
2024-05-15,46.920471
2024-05-16,47.286626
2024-05-17,47.888741
2024-05-20,48.564387
2024-05-21,49.016488
2024-05-22,49.13417
2024-05-23,49.406946
2024-05-24,49.492614
2024-05-27,49.313838
2024-05-28,49.362114
2024-05-29,49.458714
2024-05-30,49.365544
2024-05-31,49.158695
2024-06-03,48.505646
2024-06-04,48.682727
2024-06-05,47.911824
2024-06-06,47.78389
2024-06-07,47.551404
2024-06-10,47.014984
2024-06-11,46.064841
2024-06-12,46.185847
2024-06-13,46.608159
2024-06-14,47.694959
2024-06-20,48.150729
2024-06-21,48.50842
2024-06-24,48.900446
2024-06-25,49.075544
2024-06-26,48.959838
2024-06-27,48.677136
2024-06-28,49.106692
2024-07-01,49.25289
2024-07-02,49.442021
2024-07-03,49.474507
2024-07-04,49.605165
2024-07-05,50.006902
2024-07-08,50.152766
2024-07-09,50.339396
2024-07-10,50.386311
2024-07-11,50.375088
2024-07-12,50.543993
2024-07-16,50.823376
2024-07-17,50.796716
2024-07-18,51.143696
2024-07-19,51.442458
2024-07-22,51.516408
2024-07-23,52.071662
2024-07-24,52.244913
2024-07-25,52.390823
2024-07-26,52.534279
2024-07-29,52.807321
2024-07-30,52.892624
2024-07-31,52.729415
2024-08-01,52.709397
2024-08-02,52.933889
2024-08-05,53.128943
2024-08-06,53.30773
2024-08-07,53.351008
2024-08-08,53.545148
2024-08-09,53.806138
2024-08-12,53.912099
2024-08-13,53.97295
2024-08-14,53.993791
2024-08-16,54.292209
2024-08-19,54.356637
2024-08-20,55.022418
2024-08-21,54.862232
2024-08-22,54.789706
2024-08-23,54.876611
2024-08-26,54.727852
2024-08-27,54.717739
2024-08-28,55.350214
2024-08-29,55.303777
2024-09-02,55.731984
2024-09-03,56.931468
2024-09-04,56.732723
2024-09-05,56.725649
2024-09-06,56.505804
2024-09-09,56.024868
2024-09-10,55.81811
2024-09-11,55.781844
2024-09-12,55.782567
2024-09-13,55.699732
2024-09-16,56.846649
2024-09-17,56.554205
2024-09-18,57.408542
2024-09-19,57.40609
2024-09-20,57.920372
2024-09-23,58.398091
2024-09-24,58.339074
2024-09-25,58.087031
2024-09-26,58.213385
2024-09-27,58.381348
2024-09-30,58.777887
2024-10-01,58.909344
2024-10-02,57.209108
2024-10-03,55.368794
2024-10-04,54.267631
2024-10-07,55.806372
2024-10-08,54.759348
2024-10-09,54.738634
2024-10-10,55.356548
2024-10-11,53.953683
2024-10-14,53.079214
2024-10-15,51.863449
2024-10-16,53.395761
2024-10-17,54.258499
2024-10-18,54.44448
2024-10-21,53.183814
2024-10-22,52.276205
2024-10-23,53.551089
2024-10-24,52.642426
2024-10-25,53.7733
2024-10-28,54.182973
2024-10-30,54.62934
2024-10-31,55.010315
2024-11-01,54.456512
2024-11-04,54.671443
2024-11-05,53.984229
2024-11-06,54.087848
2024-11-07,54.648346
2024-11-08,55.324083
2024-11-11,57.878286
2024-11-12,58.55954
2024-11-13,58.343668
2024-11-14,58.194645
2024-11-15,58.587798
2024-11-18,58.426754
2024-11-19,58.577957
2024-11-20,58.236967
2024-11-21,56.906316
2024-11-22,58.500013
2024-11-25,60.10775
2024-11-26,61.152251
2024-11-27,61.109739
2024-11-28,61.268284
2024-11-29,61.634175
2024-12-02,62.023147
2024-12-03,62.177872
2024-12-04,62.989457
2024-12-05,63.134654
2024-12-06,63.477202
2024-12-09,63.589938
2024-12-10,64.405841
2024-12-11,63.760667
2024-12-12,63.570557
2024-12-13,63.983622
2024-12-16,64.115423
2024-12-17,64.345463
2024-12-18,64.127624
2024-12-19,64.151698
2024-12-20,63.838484
2024-12-23,63.444531
2024-12-24,63.261485
2024-12-25,63.492575
2024-12-26,65.058332
2024-12-27,65.057082
2024-12-30,65.716313
2024-12-31,64.966157
2025-01-02,64.878724
2025-01-03,65.794421
2025-01-06,66.656692
2025-01-07,66.650923
2025-01-08,66.024659
2025-01-09,65.602635
2025-01-10,66.316707
2025-01-13,65.541516
2025-01-14,64.838801
2025-01-15,64.576989
2025-01-16,64.56117
2025-01-17,64.94935
2025-01-20,65.410103
2025-01-21,65.47555
2025-01-22,65.301467
2025-01-23,65.879024
2025-01-24,65.962122
2025-01-27,66.311625
2025-01-28,65.674833
2025-01-29,66.161917
2025-01-30,65.623088
2025-01-31,65.609191
2025-02-03,65.16334
2025-02-04,63.73865
2025-02-05,63.68857
2025-02-06,63.145551
2025-02-07,63.59532
2025-02-10,64.214675
2025-02-11,63.731648
2025-02-12,63.510558
2025-02-13,63.117245
2025-02-14,63.490733
2025-02-17,63.758618
2025-02-18,63.621634
2025-02-19,63.628189
2025-02-20,63.014136
2025-02-21,63.306869
2025-02-24,62.691275
2025-02-25,62.78992
2025-02-26,62.88721
2025-02-27,62.736534
2025-02-28,63.362078
2025-03-03,63.207249
2025-03-04,63.841871
2025-03-05,63.757347
2025-03-06,65.180484
2025-03-07,66.61304
2025-03-10,67.057499
2025-03-11,66.911546
2025-03-12,67.234195
2025-03-13,68.119718
2025-03-14,68.578752
2025-03-17,69.319439
2025-03-18,69.200697
2025-03-19,68.9197
2025-03-20,63.858837
2025-03-21,63.326082
2025-03-24,61.235234
2025-03-25,61.241313
2025-03-26,63.228001
2025-03-27,62.76857
2025-03-28,62.63379
2025-04-02,63.375343
2025-04-03,63.489315
2025-04-04,63.074509
2025-04-07,62.788116
2025-04-08,61.391173
2025-04-09,62.765276
2025-04-10,61.228825
2025-04-11,64.246849
2025-04-14,64.356562
2025-04-15,64.804632
2025-04-16,64.825582
2025-04-17,63.952359
2025-04-18,64.392035
2025-04-21,64.396898
2025-04-22,64.96159
2025-04-24,64.661831
2025-04-25,65.72556
2025-04-28,65.668611
2025-04-29,64.949467
2025-04-30,64.524691
2025-05-02,63.968591
2025-05-05,64.658772
2025-05-06,64.350507
2025-05-07,64.63132
2025-05-08,64.211944
2025-05-09,65.102656
2025-05-12,65.962722
2025-05-13,68.559544
2025-05-14,68.845178
2025-05-15,69.169718
2025-05-16,68.130244
2025-05-20,69.38872
2025-05-21,68.8565
2025-05-22,67.974221
2025-05-23,68.052922
2025-05-26,67.253853
2025-05-27,67.11225
2025-05-28,66.408526
2025-05-29,65.611686
2025-05-30,65.332039
2025-06-02,64.964737
2025-06-03,64.572857
2025-06-04,66.288395
2025-06-05,67.448517
2025-06-10,67.603237
2025-06-11,68.642221
2025-06-12,69.060829
2025-06-13,67.976741
2025-06-16,66.326219
2025-06-17,67.015567
2025-06-18,67.203265
2025-06-19,66.116701
2025-06-20,65.534991
2025-06-23,66.348787
2025-06-24,65.562366
2025-06-25,67.767261
2025-06-26,67.470699
2025-06-27,67.05834
2025-06-30,67.661531
2025-07-01,71.030433
2025-07-02,72.680786
2025-07-03,73.48287
2025-07-04,73.9209
2025-07-07,74.457879
2025-07-08,73.306139
2025-07-09,72.60809
2025-07-10,73.610333
2025-07-11,75.331348
2025-07-14,75.180582
2025-07-16,74.45959
2025-07-17,73.536377
2025-07-18,75.29473
2025-07-21,75.094188
2025-07-22,77.032633
2025-07-23,76.811068
2025-07-24,76.714174
2025-07-25,77.533483
2025-07-28,77.301004
2025-07-29,76.898918
2025-07-30,76.535798
2025-07-31,77.592505
2025-08-01,78.616708
2025-08-04,78.731848
2025-08-05,79.44681
2025-08-06,79.18945
2025-08-07,79.415572
2025-08-08,79.436733
2025-08-11,79.550765
2025-08-12,80.020977
2025-08-13,79.356717
2025-08-14,79.745857
2025-08-15,78.888117
2025-08-18,79.363041
2025-08-19,80.18026
2025-08-20,80.254084
2025-08-21,81.228947
2025-08-22,82.444073
2025-08-25,82.625658
2025-08-26,83.506746
2025-08-27,83.670449
2025-08-28,82.674069
2025-08-29,82.834097
2025-09-01,82.347563
2025-09-02,82.621425
2025-09-03,79.957132
2025-09-04,78.819009
2025-09-05,79.347958
2025-09-08,78.102553
2025-09-09,76.202598
2025-09-10,76.75101
2025-09-11,77.243038
2025-09-12,76.283762
2025-09-15,76.20278
2025-09-16,80.728805
2025-09-17,81.963952
2025-09-18,81.59153
2025-09-19,81.545849
2025-09-22,82.425892
2025-09-23,82.507271
2025-09-24,82.195886
2025-09-25,82.344412
2025-09-26,82.496568
2025-09-29,80.888632
2025-09-30,79.531407
2025-10-01,79.48593
2025-10-02,80.143174
2025-10-03,79.497875
2025-10-06,78.188382
2025-10-07,77.815683
2025-10-08,78.035538
2025-10-09,77.306853
2025-10-10,77.076098
2025-10-13,77.148243
2025-10-14,75.742402
2025-10-15,73.705015
2025-10-16,75.526573
2025-10-17,74.149939
2025-10-20,72.419635
2025-10-21,74.293737
2025-10-22,74.84857
2025-10-23,75.428396
2025-10-24,76.282416
2025-10-27,79.330057
2025-10-28,79.196481
2025-10-30,79.25046
2025-10-31,79.545319
2025-11-03,80.359889
2025-11-04,81.132735
2025-11-05,80.21833
2025-11-06,80.162774
2025-11-07,81.037674
2025-11-10,79.15937
2025-11-11,78.436156
2025-11-12,75.639562
2025-11-13,75.697143
2025-11-14,75.598984
2025-11-17,75.037813
2025-11-18,75.788004
2025-11-19,75.533747
2025-11-20,76.994894
2025-11-21,77.742139
2025-11-24,77.130962
2025-11-25,77.257472
2025-11-26,76.526327
2025-11-27,77.029384
2025-11-28,77.191083
2025-12-01,76.892596
2025-12-02,79.098154
2025-12-03,79.248393
2025-12-04,78.872882
2025-12-05,78.139622
2025-12-08,78.748762
2025-12-09,80.401045
2025-12-10,80.428635
2025-12-11,80.265999
2025-12-12,80.239876
2025-12-15,81.308118
2025-12-16,82.519427
2025-12-17,81.989435
2025-12-18,81.802584
2025-12-19,82.150616
2025-12-22,81.652806
2025-12-23,80.887881
2025-12-24,80.605112
2025-12-25,81.252437
2025-12-26,81.30169
2025-12-29,80.360423
2025-12-30,79.666314
2025-12-31,80.393011
2026-01-02,81.195381
2026-01-05,82.054109
2026-01-06,83.298801
2026-01-07,84.421335
2026-01-08,84.48665
2026-01-09,85.386324
2026-01-12,85.932633
2026-01-13,87.352943
2026-01-14,87.244661
2026-01-15,86.949174
2026-01-16,87.125191
2026-01-19,87.243809
2026-01-20,86.145225
2026-01-21,85.48524
2026-01-22,86.491443
2026-01-23,87.369836
2026-01-26,86.734844
2026-01-27,84.658234
2026-01-28,84.634966
2026-01-29,86.145777
2026-01-30,86.66356
2026-02-02,86.412987
2026-02-03,85.468405
2026-02-04,86.695594
2026-02-05,87.106513
2026-02-06,85.824853
2026-02-09,85.211908
